{
  "quasimetric": {
    "d_A_to_B": 1.2,
    "d_B_to_A": 1.5,
    "asymmetry_gap": 0.3,
    "d_B_to_C": 1.5,
    "d_A_to_C_direct": 4.2,
    "d_A_to_C_routed": 2.7,
    "triangle_excess": 1.5,
    "triangle_holds": false
  },
  "autonomy": {
    "coercion": {
      "entropy_floor_nats": 0.0,
      "expected_viability": 1.0,
      "death_probability": 0.0
    },
    "autonomy": {
      "entropy_floor_nats": 0.693147,
      "expected_viability": 0.971874,
      "death_probability": 0.000133
    },
    "freedom": {
      "entropy_floor_nats": 1.098612,
      "expected_viability": 0.494913,
      "death_probability": 0.088401
    },
    "price_of_autonomy": 0.028126,
    "price_of_freedom": 0.505087,
    "_terminal_distributions": {
      "coercion": [
        0.0,
        0.0,
        0.0,
        0.0,
        0.0,
        0.0,
        0.0,
        0.0,
        1.0
      ],
      "autonomy": [
        0.000133,
        8.4e-05,
        0.000473,
        0.001854,
        0.00588,
        0.014706,
        0.040717,
        0.062174,
        0.873978
      ],
      "freedom": [
        0.088401,
        0.059747,
        0.114007,
        0.153635,
        0.168572,
        0.155007,
        0.120713,
        0.082305,
        0.057613
      ]
    },
    "_ladder": {
      "height": 8,
      "horizon": 8,
      "start": 4
    },
    "_sweep_floor_viability": [
      [
        0.0,
        1.0
      ],
      [
        0.027465,
        0.999976
      ],
      [
        0.054931,
        0.999976
      ],
      [
        0.082396,
        0.999976
      ],
      [
        0.109861,
        0.999976
      ],
      [
        0.137327,
        0.999976
      ],
      [
        0.164792,
        0.999976
      ],
      [
        0.192257,
        0.999976
      ],
      [
        0.219722,
        0.999976
      ],
      [
        0.247188,
        0.999976
      ],
      [
        0.274653,
        0.999976
      ],
      [
        0.302118,
        0.999366
      ],
      [
        0.329584,
        0.999366
      ],
      [
        0.357049,
        0.999366
      ],
      [
        0.384514,
        0.999366
      ],
      [
        0.41198,
        0.999366
      ],
      [
        0.439445,
        0.999366
      ],
      [
        0.46691,
        0.99601
      ],
      [
        0.494376,
        0.99601
      ],
      [
        0.521841,
        0.99601
      ],
      [
        0.549306,
        0.99601
      ],
      [
        0.576771,
        0.986206
      ],
      [
        0.604237,
        0.986206
      ],
      [
        0.631702,
        0.986206
      ],
      [
        0.659167,
        0.974996
      ],
      [
        0.686633,
        0.971874
      ],
      [
        0.714098,
        0.960523
      ],
      [
        0.741563,
        0.938763
      ],
      [
        0.769029,
        0.938763
      ],
      [
        0.796494,
        0.938763
      ],
      [
        0.823959,
        0.938763
      ],
      [
        0.851425,
        0.906638
      ],
      [
        0.87889,
        0.906638
      ],
      [
        0.906355,
        0.862578
      ],
      [
        0.93382,
        0.842226
      ],
      [
        0.961286,
        0.790385
      ],
      [
        0.988751,
        0.790385
      ],
      [
        1.016216,
        0.728469
      ],
      [
        1.043682,
        0.649157
      ],
      [
        1.071147,
        0.649157
      ],
      [
        1.098612,
        0.494913
      ]
    ]
  },
  "curvature": {
    "baseline_help_prob": 0.1,
    "viability_gain": 0.2,
    "relations": {
      "kin": {
        "efficacy": 1.0,
        "required_help_prob": 0.3,
        "kappa_nats_per_unit": 0.768318
      },
      "stranger": {
        "efficacy": 0.5,
        "required_help_prob": 0.5,
        "kappa_nats_per_unit": 2.554128
      },
      "distant_stranger": {
        "efficacy": 0.25,
        "required_help_prob": 0.9,
        "kappa_nats_per_unit": 8.788898
      }
    },
    "stranger_over_kin": 3.324311,
    "distant_over_kin": 11.439141,
    "_sweep_eff_kappa": [
      [
        0.23,
        10.497314
      ],
      [
        0.24,
        9.555867
      ],
      [
        0.25,
        8.788898
      ],
      [
        0.26,
        8.137047
      ],
      [
        0.27,
        7.571086
      ],
      [
        0.28,
        7.072902
      ],
      [
        0.29,
        6.629985
      ],
      [
        0.3,
        6.233133
      ],
      [
        0.31,
        5.875292
      ],
      [
        0.32,
        5.550898
      ],
      [
        0.33,
        5.255464
      ],
      [
        0.34,
        4.985313
      ],
      [
        0.35,
        4.737388
      ],
      [
        0.36,
        4.509119
      ],
      [
        0.37,
        4.298327
      ],
      [
        0.38,
        4.103148
      ],
      [
        0.39,
        3.921976
      ],
      [
        0.4,
        3.753418
      ],
      [
        0.41,
        3.596261
      ],
      [
        0.42,
        3.449443
      ],
      [
        0.43,
        3.312026
      ],
      [
        0.44,
        3.183183
      ],
      [
        0.45,
        3.062179
      ],
      [
        0.46,
        2.948362
      ],
      [
        0.47,
        2.841146
      ],
      [
        0.48,
        2.740008
      ],
      [
        0.49,
        2.644477
      ],
      [
        0.5,
        2.554128
      ],
      [
        0.51,
        2.468578
      ],
      [
        0.52,
        2.387478
      ],
      [
        0.53,
        2.310514
      ],
      [
        0.54,
        2.237398
      ],
      [
        0.55,
        2.167868
      ],
      [
        0.56,
        2.101684
      ],
      [
        0.57,
        2.038628
      ],
      [
        0.58,
        1.978499
      ],
      [
        0.59,
        1.921112
      ],
      [
        0.6,
        1.866297
      ],
      [
        0.61,
        1.813897
      ],
      [
        0.62,
        1.763769
      ],
      [
        0.63,
        1.715778
      ],
      [
        0.64,
        1.669801
      ],
      [
        0.65,
        1.625722
      ],
      [
        0.66,
        1.583437
      ],
      [
        0.67,
        1.542845
      ],
      [
        0.68,
        1.503856
      ],
      [
        0.69,
        1.466382
      ],
      [
        0.7,
        1.430345
      ],
      [
        0.71,
        1.39567
      ],
      [
        0.72,
        1.362287
      ],
      [
        0.73,
        1.330131
      ],
      [
        0.74,
        1.29914
      ],
      [
        0.75,
        1.269259
      ],
      [
        0.76,
        1.240432
      ],
      [
        0.77,
        1.21261
      ],
      [
        0.78,
        1.185746
      ],
      [
        0.79,
        1.159794
      ],
      [
        0.8,
        1.134712
      ],
      [
        0.81,
        1.110463
      ],
      [
        0.82,
        1.087007
      ],
      [
        0.83,
        1.06431
      ],
      [
        0.84,
        1.042339
      ],
      [
        0.85,
        1.021062
      ],
      [
        0.86,
        1.00045
      ],
      [
        0.87,
        0.980474
      ],
      [
        0.88,
        0.961109
      ],
      [
        0.89,
        0.942329
      ],
      [
        0.9,
        0.92411
      ],
      [
        0.91,
        0.906429
      ],
      [
        0.92,
        0.889265
      ],
      [
        0.93,
        0.872598
      ],
      [
        0.94,
        0.856408
      ],
      [
        0.95,
        0.840677
      ],
      [
        0.96,
        0.825387
      ],
      [
        0.97,
        0.810522
      ],
      [
        0.98,
        0.796065
      ],
      [
        0.99,
        0.782002
      ],
      [
        1.0,
        0.768318
      ]
    ]
  }
}